Column0,Latitude,Longitude,Month,Day,DOW,Thefts,Prediction (Thefts)
79,43.65110046,-79.37018566,11,4,Saturday,1,1.216213632
102,43.65366216,-79.3689117,8,1,Saturday,1,1.211569668
86,43.64637784,-79.39366988,10,3,Saturday,2,1.206776358
99,43.64158085,-79.41575868,11,7,Saturday,1,1.203866622
78,43.65110046,-79.37018566,8,4,Saturday,1,1.20279617
108,43.65782271,-79.37871817,9,13,Saturday,1,1.201136031
41,43.65843223,-79.35259535,10,10,Saturday,1,1.200460903
86,43.64637784,-79.39366988,10,11,Saturday,1,1.199603508
113,43.64312556,-79.42643475,11,11,Saturday,1,1.199080903
102,43.65366216,-79.3689117,10,1,Monday,1,1.198423365
108,43.65782271,-79.37871817,12,7,Monday,1,1.197750693
45,43.67988732,-79.34501238,11,14,Saturday,1,1.197052785
53,43.65559378,-79.38300729,10,6,Saturday,1,1.19585274
79,43.65110046,-79.37018566,11,29,Saturday,1,1.193798476
21,43.65196272,-79.36634205,9,3,Saturday,1,1.193738209
65,43.63938076,-79.3987871,10,12,Saturday,1,1.193596429
102,43.65366216,-79.3689117,9,26,Saturday,1,1.19353584
83,43.64821428,-79.38423227,7,6,Saturday,1,1.193307755
78,43.65110046,-79.37018566,8,15,Saturday,1,1.192933501
91,43.65621245,-79.38329783,7,6,Saturday,2,1.192737396
78,43.65110046,-79.37018566,6,6,Saturday,1,1.192240302
63,43.64615379,-79.38893149,9,10,Saturday,2,1.191878859
91,43.65621245,-79.38329783,7,7,Saturday,1,1.19184079
56,43.6399814,-79.39696817,10,12,Saturday,1,1.191652081
86,43.64637784,-79.39366988,10,20,Saturday,1,1.191534052
114,43.65042544,-79.39661903,6,6,Saturday,1,1.191405882
44,43.65934348,-79.38564705,9,1,Saturday,1,1.190925599
83,43.64821428,-79.38423227,7,9,Saturday,1,1.190617937
57,43.6413459,-79.42316564,10,1,Saturday,1,1.190404223
111,43.65012455,-79.39737065,6,6,Saturday,1,1.190392542
96,43.65651758,-79.37997752,10,2,Monday,2,1.190181078
44,43.65934348,-79.38564705,9,2,Saturday,1,1.190028993
114,43.65042544,-79.39661903,8,18,Saturday,2,1.189409262
46,43.64512972,-79.40981086,10,4,Saturday,1,1.188747959
83,43.64821428,-79.38423227,8,17,Saturday,1,1.187826414
67,43.67040044,-79.38723005,10,11,Saturday,1,1.187627509
24,43.64379067,-79.3814651,8,3,Saturday,1,1.18712889
29,43.65954176,-79.38264682,9,2,Saturday,1,1.187091121
32,43.6564986,-79.35554106,8,12,Saturday,1,1.186984367
80,43.66744694,-79.39856245,11,17,Saturday,1,1.186653487
86,43.64637784,-79.39366988,7,11,Saturday,1,1.186459526
98,43.64790527,-79.38572042,7,18,Saturday,1,1.186155996
53,43.65559378,-79.38300729,9,12,Saturday,1,1.186091775
96,43.65651758,-79.37997752,9,27,Saturday,1,1.185293553
108,43.65782271,-79.37871817,12,21,Monday,1,1.185198206
45,43.67988732,-79.34501238,11,3,Monday,2,1.185006496
55,43.64187242,-79.41124678,8,2,Saturday,1,1.184926133
86,43.64637784,-79.39366988,8,18,Saturday,1,1.184564609
69,43.64055813,-79.3941964,10,25,Saturday,1,1.184472336
50,43.66088487,-79.43193423,12,3,Saturday,1,1.184145243
24,43.64379067,-79.3814651,11,21,Saturday,2,1.184133961
46,43.64512972,-79.40981086,10,10,Saturday,1,1.183368321
96,43.65651758,-79.37997752,7,20,Saturday,1,1.182807141
70,43.65814872,-79.40051496,10,17,Saturday,1,1.182385235
43,43.65883711,-79.38548494,7,1,Saturday,1,1.18215571
24,43.64379067,-79.3814651,7,4,Saturday,1,1.181850957
53,43.65559378,-79.38300729,7,7,Saturday,1,1.181812151
63,43.64615379,-79.38893149,6,7,Saturday,1,1.181424695
45,43.67988732,-79.34501238,7,12,Saturday,1,1.181320688
69,43.64055813,-79.3941964,11,9,Monday,3,1.181290406
99,43.64158085,-79.41575868,7,13,Saturday,1,1.180961675
95,43.6400542,-79.39806861,11,16,Monday,1,1.180719447
102,43.65366216,-79.3689117,9,16,Monday,1,1.180592944
91,43.65621245,-79.38329783,5,10,Saturday,2,1.180388316
24,43.64379067,-79.3814651,12,31,Saturday,1,1.179549226
104,43.66526753,-79.34103365,6,11,Monday,2,1.179458693
90,43.63989312,-79.39800553,11,16,Monday,1,1.179441509
91,43.65621245,-79.38329783,8,26,Saturday,2,1.179186599
48,43.6625538,-79.42176295,11,7,Saturday,1,1.179185827
92,43.66084513,-79.4315601,10,12,Saturday,1,1.178969813
67,43.67040044,-79.38723005,8,11,Saturday,1,1.178864854
90,43.63989312,-79.39800553,9,7,Monday,2,1.17874831
102,43.65366216,-79.3689117,10,23,Monday,1,1.178698028
79,43.65110046,-79.37018566,9,12,Monday,1,1.178369169
78,43.65110046,-79.37018566,9,12,Monday,1,1.17809569
65,43.63938076,-79.3987871,7,15,Saturday,2,1.177762628
43,43.65883711,-79.38548494,10,21,Saturday,2,1.177367568
89,43.66095692,-79.43160626,10,13,Saturday,1,1.177189694
95,43.6400542,-79.39806861,11,20,Monday,2,1.177133022
46,43.64512972,-79.40981086,8,8,Saturday,2,1.176398879
111,43.65012455,-79.39737065,9,12,Monday,1,1.176247929
90,43.63989312,-79.39800553,11,20,Monday,2,1.175855084
96,43.65651758,-79.37997752,11,23,Monday,1,1.175733675
102,43.65366216,-79.3689117,5,2,Monday,1,1.175620121
105,43.6677592,-79.40332134,5,6,Saturday,1,1.174971902
70,43.65814872,-79.40051496,10,1,Monday,1,1.174821977
23,43.64878119,-79.38920988,7,6,Saturday,1,1.174615006
22,43.65655891,-79.37933857,11,2,Monday,2,1.174573234
101,43.68257203,-79.33029217,4,28,Saturday,1,1.174185273
90,43.63989312,-79.39800553,7,27,Saturday,2,1.173962488
80,43.66744694,-79.39856245,10,2,Monday,1,1.173812295
70,43.65814872,-79.40051496,8,17,Saturday,1,1.17362258
40,43.64400288,-79.40114985,11,4,Monday,1,1.173608777
91,43.65621245,-79.38329783,2,3,Saturday,1,1.173520577
35,43.64462355,-79.39784942,6,4,Saturday,1,1.173366226
96,43.65651758,-79.37997752,8,11,Monday,3,1.173348967
100,43.68791116,-79.39357087,10,2,Monday,1,1.173301587
96,43.65651758,-79.37997752,10,21,Monday,1,1.17314556
20,43.65776564,-79.38047983,11,2,Monday,1,1.173079202
96,43.65651758,-79.37997752,7,7,Monday,1,1.172554064
102,43.65366216,-79.3689117,4,25,Saturday,1,1.172525808
96,43.65651758,-79.37997752,8,12,Monday,1,1.172452361
91,43.65621245,-79.38329783,10,19,Monday,1,1.17231654
12,43.66044596,-79.38617508,12,26,Saturday,1,1.172250912
96,43.65651758,-79.37997752,8,13,Monday,1,1.171555754
91,43.65621245,-79.38329783,11,25,Monday,1,1.17131823
96,43.65651758,-79.37997752,6,28,Saturday,1,1.171252964
0,43.65916252,-79.38109991,12,2,Monday,1,1.171184889
83,43.64821428,-79.38423227,11,26,Monday,1,1.170991982
96,43.65651758,-79.37997752,8,14,Monday,1,1.170659148
86,43.64637784,-79.39366988,6,24,Saturday,2,1.170422317
53,43.65559378,-79.38300729,5,10,Saturday,2,1.170359678
53,43.65559378,-79.38300729,8,25,Saturday,2,1.170054567
91,43.65621245,-79.38329783,7,7,Monday,2,1.169931832
79,43.65110046,-79.37018566,11,3,Sunday,1,1.169776006
44,43.65934348,-79.38564705,7,15,Saturday,1,1.169610457
43,43.65883711,-79.38548494,7,15,Saturday,1,1.169603223
86,43.64637784,-79.39366988,7,6,Monday,2,1.169033599
2,43.6620574,-79.42787082,11,2,Saturday,1,1.168754946
91,43.65621245,-79.38329783,11,28,Monday,1,1.168628411
82,43.66354097,-79.4173512,9,21,Saturday,2,1.168607553
114,43.65042544,-79.39661903,6,8,Monday,1,1.167703712
100,43.68791116,-79.39357087,9,28,Saturday,1,1.167517455
50,43.66088487,-79.43193423,10,12,Saturday,1,1.167313132
78,43.65110046,-79.37018566,10,29,Monday,1,1.167234711
90,43.63989312,-79.39800553,8,15,Monday,2,1.167194132
79,43.65110046,-79.37018566,10,1,Sunday,1,1.167187891
65,43.63938076,-79.3987871,7,27,Saturday,2,1.167003353
0,43.65916252,-79.38109991,12,7,Monday,2,1.166701858
50,43.66088487,-79.43193423,10,13,Saturday,1,1.166416526
110,43.6499379,-79.3976489,6,8,Monday,1,1.166375078
65,43.63938076,-79.3987871,5,18,Saturday,1,1.166310154
99,43.64158085,-79.41575868,12,1,Sunday,2,1.166293355
63,43.64615379,-79.38893149,5,19,Saturday,1,1.166284092
99,43.64158085,-79.41575868,8,10,Monday,1,1.166123863
96,43.65651758,-79.37997752,9,24,Monday,1,1.166074413
29,43.65954176,-79.38264682,10,6,Monday,1,1.165977065
57,43.6413459,-79.42316564,8,19,Saturday,1,1.165502655
38,43.64524541,-79.38007005,9,12,Monday,1,1.165366113
96,43.65651758,-79.37997752,8,20,Monday,1,1.165279511
69,43.64055813,-79.3941964,10,22,Monday,1,1.165253197
100,43.68791116,-79.39357087,11,16,Monday,1,1.165130427
0,43.65916252,-79.38109991,12,9,Monday,1,1.164908645
12,43.66044596,-79.38617508,8,15,Saturday,1,1.164588271
53,43.65559378,-79.38300729,9,12,Monday,1,1.164182817
67,43.67040044,-79.38723005,8,3,Monday,1,1.164128746
84,43.64222572,-79.40172497,7,9,Monday,1,1.164094232
8,43.66670251,-79.40537838,9,8,Saturday,1,1.163740259
105,43.6677592,-79.40332134,9,14,Monday,1,1.163415404
38,43.64524541,-79.38007005,6,24,Saturday,1,1.163371814
91,43.65621245,-79.38329783,10,29,Monday,1,1.163350477
74,43.6654609,-79.408386,7,18,Saturday,1,1.16330408
84,43.64222572,-79.40172497,12,6,Sunday,2,1.163265413
25,43.6508344,-79.380877,6,18,Saturday,1,1.16266433
34,43.64339526,-79.39996544,9,30,Saturday,1,1.162531799
20,43.65776564,-79.38047983,8,24,Saturday,1,1.16211884
0,43.65916252,-79.38109991,9,22,Saturday,1,1.162017739
84,43.64222572,-79.40172497,5,26,Saturday,1,1.161998228
38,43.64524541,-79.38007005,12,31,Monday,1,1.161474577
63,43.64615379,-79.38893149,7,10,Monday,1,1.161207246
111,43.65012455,-79.39737065,8,24,Monday,1,1.161107326
58,43.64208654,-79.42344119,7,19,Saturday,1,1.160989472
53,43.65559378,-79.38300729,7,6,Monday,1,1.1607998
110,43.6499379,-79.3976489,8,24,Monday,1,1.160792033
43,43.65883711,-79.38548494,11,20,Monday,1,1.160736544
4,43.65092866,-79.39783777,6,6,Saturday,1,1.160620616
29,43.65954176,-79.38264682,7,22,Saturday,1,1.160396341
75,43.65869889,-79.35150051,8,3,Sunday,1,1.160287037
104,43.66526753,-79.34103365,4,23,Monday,1,1.159936763
1,43.6620574,-79.42787082,11,12,Saturday,1,1.159515404
67,43.67040044,-79.38723005,5,18,Saturday,1,1.159444628
91,43.65621245,-79.38329783,5,9,Monday,1,1.159375964
86,43.64637784,-79.39366988,8,22,Monday,1,1.159069226
0,43.65916252,-79.38109991,10,6,Monday,1,1.158835809
4,43.65092866,-79.39783777,8,18,Saturday,2,1.158623996
80,43.66744694,-79.39856245,6,24,Saturday,1,1.158470606
40,43.64400288,-79.40114985,10,16,Monday,2,1.158468175
56,43.6399814,-79.39696817,8,15,Monday,1,1.158290649
21,43.65196272,-79.36634205,6,28,Saturday,1,1.15817907
42,43.66380623,-79.41625386,9,21,Saturday,2,1.158018433
69,43.64055813,-79.3941964,9,26,Monday,1,1.157285445
43,43.65883711,-79.38548494,10,19,Monday,1,1.157251822
97,43.70821671,-79.39968014,8,22,Saturday,1,1.157180948
80,43.66744694,-79.39856245,5,21,Saturday,1,1.156779097
21,43.65196272,-79.36634205,8,15,Monday,1,1.156688648
91,43.65621245,-79.38329783,5,12,Monday,1,1.156686146
69,43.64055813,-79.3941964,8,22,Monday,1,1.156490542
83,43.64821428,-79.38423227,5,13,Monday,1,1.156359899
23,43.64878119,-79.38920988,6,22,Saturday,1,1.155887978
44,43.65934348,-79.38564705,7,6,Monday,1,1.155770955
43,43.65883711,-79.38548494,7,6,Monday,1,1.155763721
65,43.63938076,-79.3987871,4,25,Saturday,1,1.155652583
104,43.66526753,-79.34103365,12,8,Thursday,2,1.155545962
17,43.64689891,-79.41758626,9,23,Saturday,4,1.155484991
44,43.65934348,-79.38564705,8,12,Monday,1,1.154772645
43,43.65883711,-79.38548494,8,12,Monday,1,1.154765411
43,43.65883711,-79.38548494,6,27,Saturday,1,1.15446262
99,43.64158085,-79.41575868,4,28,Saturday,1,1.154368598
57,43.6413459,-79.42316564,9,12,Monday,1,1.154251268
64,43.65751263,-79.38023767,8,22,Monday,1,1.154235949
90,43.63989312,-79.39800553,9,6,Sunday,1,1.154219642
96,43.65651758,-79.37997752,4,13,Monday,1,1.154030444
91,43.65621245,-79.38329783,5,15,Monday,4,1.153996327
114,43.65042544,-79.39661903,2,4,Monday,1,1.153764826
58,43.64208654,-79.42344119,8,8,Monday,1,1.15332451
4,43.65092866,-79.39783777,8,24,Saturday,1,1.153244358
22,43.65655891,-79.37933857,5,21,Saturday,1,1.153158708
25,43.6508344,-79.380877,8,14,Monday,1,1.153104452
104,43.66526753,-79.34103365,10,1,Thursday,1,1.153059551
79,43.65110046,-79.37018566,8,7,Sunday,1,1.153045598
8,43.66670251,-79.40537838,11,30,Saturday,2,1.152777576
78,43.65110046,-79.37018566,8,7,Sunday,1,1.152772119
30,43.65628323,-79.40728478,11,16,Monday,1,1.152745449
22,43.65655891,-79.37933857,7,7,Monday,1,1.152564893
53,43.65559378,-79.38300729,4,25,Saturday,1,1.152529256
12,43.66044596,-79.38617508,9,9,Monday,1,1.152440278
67,43.67040044,-79.38723005,4,21,Saturday,1,1.152373481
57,43.6413459,-79.42316564,10,19,Monday,1,1.152356352
86,43.64637784,-79.39366988,4,10,Monday,2,1.152303191
63,43.64615379,-79.38893149,4,30,Saturday,1,1.152040096
91,43.65621245,-79.38329783,7,27,Monday,1,1.151999707
0,43.65916252,-79.38109991,8,4,Monday,1,1.151866366
22,43.65655891,-79.37933857,8,13,Monday,1,1.151566583
57,43.6413459,-79.42316564,4,15,Saturday,1,1.15156377
80,43.66744694,-79.39856245,9,22,Monday,1,1.151498843
98,43.64790527,-79.38572042,9,14,Sunday,1,1.151170843
96,43.65651758,-79.37997752,7,3,Sunday,1,1.150715215
112,43.66997286,-79.30113632,10,16,Friday,1,1.150296768
59,43.64918126,-79.37149371,10,14,Sunday,1,1.15027549
2,43.6620574,-79.42787082,8,8,Saturday,1,1.150231326
1,43.6620574,-79.42787082,8,8,Saturday,1,1.149957846
31,43.66350658,-79.36716264,5,30,Saturday,1,1.14986016
65,43.63938076,-79.3987871,11,13,Sunday,1,1.149746918
67,43.67040044,-79.38723005,10,29,Monday,1,1.149579639
104,43.66526753,-79.34103365,11,3,Friday,1,1.149476343
29,43.65954176,-79.38264682,6,5,Monday,1,1.149348361
80,43.66744694,-79.39856245,5,5,Monday,1,1.149215839
53,43.65559378,-79.38300729,8,24,Monday,2,1.149042215
11,43.66397724,-79.41743325,9,21,Saturday,2,1.148984974
12,43.66044596,-79.38617508,5,18,Saturday,1,1.148754469
79,43.65110046,-79.37018566,2,11,Monday,1,1.148596482
43,43.65883711,-79.38548494,7,14,Monday,1,1.148590871
54,43.65445748,-79.42385391,12,26,Monday,1,1.148581471
105,43.6677592,-79.40332134,5,11,Monday,1,1.148579912
63,43.64615379,-79.38893149,8,29,Monday,2,1.148553054
30,43.65628323,-79.40728478,6,21,Saturday,1,1.148264738
7,43.64554509,-79.39592672,7,29,Saturday,1,1.148108716
8,43.66670251,-79.40537838,5,6,Saturday,1,1.148008161
63,43.64615379,-79.38893149,5,15,Monday,1,1.147961559
113,43.64312556,-79.42643475,8,29,Monday,1,1.14788905
57,43.6413459,-79.42316564,5,24,Saturday,1,1.147875641
56,43.6399814,-79.39696817,11,13,Sunday,1,1.147802569
25,43.6508344,-79.380877,8,20,Monday,1,1.147724814
56,43.6399814,-79.39696817,7,22,Monday,1,1.147633077
6,43.64173865,-79.42331575,7,19,Saturday,1,1.146957276
38,43.64524541,-79.38007005,8,28,Monday,1,1.146639086
4,43.65092866,-79.39783777,9,12,Monday,1,1.146476003
12,43.66044596,-79.38617508,9,16,Monday,1,1.146164034
80,43.66744694,-79.39856245,8,24,Monday,1,1.145324303
59,43.64918126,-79.37149371,7,5,Sunday,1,1.145200963
57,43.6413459,-79.42316564,5,27,Saturday,1,1.145185822
7,43.64554509,-79.39592672,4,18,Saturday,1,1.144827403
12,43.66044596,-79.38617508,4,18,Saturday,2,1.144373142
53,43.65559378,-79.38300729,5,15,Monday,4,1.143967688
43,43.65883711,-79.38548494,4,29,Saturday,3,1.143906753
20,43.65776564,-79.38047983,7,15,Monday,1,1.143898011
59,43.64918126,-79.37149371,1,30,Saturday,1,1.143832074
67,43.67040044,-79.38723005,6,16,Monday,1,1.14371021
65,43.63938076,-79.3987871,9,10,Sunday,1,1.143674082
96,43.65651758,-79.37997752,8,16,Sunday,1,1.143440661
8,43.66670251,-79.40537838,11,16,Monday,1,1.143421106
44,43.65934348,-79.38564705,6,15,Monday,2,1.143320171
46,43.64512972,-79.40981086,4,1,Monday,1,1.143240854
20,43.65776564,-79.38047983,7,16,Monday,1,1.143001405
113,43.64312556,-79.42643475,4,15,Monday,1,1.142916227
102,43.65366216,-79.3689117,10,4,Thursday,1,1.142843032
91,43.65621245,-79.38329783,3,18,Monday,1,1.142543853
84,43.64222572,-79.40172497,7,5,Sunday,1,1.142255382
24,43.64379067,-79.3814651,5,14,Monday,2,1.142213281
0,43.65916252,-79.38109991,6,5,Monday,1,1.142207105
83,43.64821428,-79.38423227,4,24,Monday,1,1.142115902
86,43.64637784,-79.39366988,8,13,Sunday,1,1.141713408
18,43.67951024,-79.39104716,6,22,Saturday,1,1.141676256
25,43.6508344,-79.380877,6,17,Monday,2,1.141651978
44,43.65934348,-79.38564705,11,13,Sunday,1,1.141594747
104,43.66526753,-79.34103365,6,25,Sunday,1,1.141480931
95,43.6400542,-79.39806861,6,7,Sunday,1,1.141456991
73,43.66562834,-79.40976221,12,13,Sunday,1,1.141450355
38,43.64524541,-79.38007005,7,29,Monday,2,1.141361152
67,43.67040044,-79.38723005,5,14,Monday,1,1.141122095
50,43.66088487,-79.43193423,9,12,Monday,1,1.141022846
36,43.65591844,-79.38938012,7,20,Monday,1,1.140831729
63,43.64615379,-79.38893149,5,23,Monday,1,1.140788709
69,43.64055813,-79.3941964,6,30,Monday,1,1.140555037
67,43.67040044,-79.38723005,7,25,Monday,1,1.140022081
3,43.70588279,-79.39842391,9,19,Saturday,1,1.13998295
91,43.65621245,-79.38329783,8,17,Sunday,1,1.139921823
69,43.64055813,-79.3941964,10,22,Sunday,1,1.139827922
44,43.65934348,-79.38564705,6,20,Monday,1,1.13883714
99,43.64158085,-79.41575868,12,1,Thursday,1,1.138828115
59,43.64918126,-79.37149371,8,17,Sunday,1,1.138823016
29,43.65954176,-79.38264682,5,12,Monday,1,1.13869079
57,43.6413459,-79.42316564,8,25,Monday,1,1.13821406
8,43.66670251,-79.40537838,10,17,Monday,1,1.138143172
86,43.64637784,-79.39366988,8,17,Sunday,1,1.138126983
37,43.66604079,-79.36847237,10,15,Sunday,1,1.137983699
14,43.65471122,-79.46636815,7,6,Saturday,1,1.137873316
53,43.65559378,-79.38300729,9,13,Sunday,1,1.137860936
59,43.64918126,-79.37149371,4,27,Monday,1,1.137756918
22,43.65655891,-79.37933857,6,19,Monday,1,1.13742429
23,43.64878119,-79.38920988,8,28,Monday,1,1.137362038
41,43.65843223,-79.35259535,8,18,Sunday,1,1.137191165
106,43.64445933,-79.41937817,10,23,Sunday,1,1.137089113
5,43.65534551,-79.40259487,2,9,Saturday,1,1.136972382
7,43.64554509,-79.39592672,7,17,Monday,1,1.136959033
104,43.66526753,-79.34103365,11,17,Friday,2,1.136923856
6,43.64173865,-79.42331575,6,1,Monday,3,1.136805903
5,43.65534551,-79.40259487,6,29,Saturday,1,1.136565568
67,43.67040044,-79.38723005,6,24,Monday,1,1.13653736
104,43.66526753,-79.34103365,7,5,Thursday,1,1.136329143
43,43.65883711,-79.38548494,5,18,Monday,1,1.136241791
104,43.66526753,-79.34103365,8,10,Thursday,1,1.13622744
44,43.65934348,-79.38564705,6,23,Monday,1,1.136147321
43,43.65883711,-79.38548494,6,23,Monday,1,1.136140087
74,43.6654609,-79.408386,6,19,Monday,1,1.136117188
29,43.65954176,-79.38264682,4,10,Monday,1,1.136102675
14,43.65471122,-79.46636815,7,8,Saturday,1,1.136080103
53,43.65559378,-79.38300729,10,20,Sunday,1,1.13596602
80,43.66744694,-79.39856245,9,11,Sunday,1,1.135936237
34,43.64339526,-79.39996544,8,2,Sunday,1,1.135921213
95,43.6400542,-79.39806861,11,7,Thursday,1,1.135898389
96,43.65651758,-79.37997752,11,2,Friday,1,1.135500568
109,43.64718391,-79.39633854,3,1,Sunday,1,1.135434105
59,43.64918126,-79.37149371,7,16,Sunday,2,1.135338294
2,43.6620574,-79.42787082,10,10,Monday,1,1.13529181
43,43.65883711,-79.38548494,7,29,Monday,1,1.135141777
57,43.6413459,-79.42316564,5,14,Monday,1,1.134932746
91,43.65621245,-79.38329783,10,2,Thursday,1,1.134668331
41,43.65843223,-79.35259535,2,20,Monday,1,1.134535262
24,43.64379067,-79.3814651,5,23,Monday,1,1.134143825
69,43.64055813,-79.3941964,5,4,Sunday,2,1.134060197
17,43.64689891,-79.41758626,11,4,Sunday,1,1.133948932
56,43.6399814,-79.39696817,8,14,Sunday,2,1.13376198
112,43.66997286,-79.30113632,6,15,Friday,1,1.133668064
53,43.65559378,-79.38300729,4,22,Monday,1,1.133310117
65,43.63938076,-79.3987871,6,7,Sunday,1,1.133219918
78,43.65110046,-79.37018566,12,11,Friday,1,1.133074441
8,43.66670251,-79.40537838,8,13,Monday,1,1.132966942
102,43.65366216,-79.3689117,7,31,Sunday,1,1.132955921
31,43.66350658,-79.36716264,6,1,Sunday,1,1.132908836
4,43.65092866,-79.39783777,4,3,Monday,1,1.132638821
100,43.68791116,-79.39357087,11,24,Sunday,1,1.132532302
53,43.65559378,-79.38300729,4,23,Monday,1,1.132413511
103,43.6430285,-79.4257847,11,30,Sunday,1,1.132283686
16,43.6465782,-79.4079438,8,24,Monday,1,1.132143334
100,43.68791116,-79.39357087,7,5,Sunday,1,1.132042511
86,43.64637784,-79.39366988,8,24,Sunday,1,1.131850739
49,43.65374298,-79.42662771,5,8,Monday,1,1.131816127
2,43.6620574,-79.42787082,9,9,Monday,1,1.131807089
88,43.66473417,-79.41383882,6,26,Monday,3,1.13169761
74,43.6654609,-79.408386,6,24,Monday,1,1.131634157
64,43.65751263,-79.38023767,7,14,Sunday,1,1.131602197
0,43.65916252,-79.38109991,5,12,Monday,1,1.131549534
4,43.65092866,-79.39783777,8,24,Monday,1,1.1313354
58,43.64208654,-79.42344119,10,14,Sunday,1,1.131282253
41,43.65843223,-79.35259535,6,15,Sunday,1,1.131118329
8,43.66670251,-79.40537838,4,20,Saturday,1,1.131074346
83,43.64821428,-79.38423227,5,13,Sunday,1,1.130934624
104,43.66526753,-79.34103365,9,21,Thursday,1,1.130746098
98,43.64790527,-79.38572042,12,14,Friday,1,1.130678263
70,43.65814872,-79.40051496,9,17,Sunday,1,1.130669675
109,43.64718391,-79.39633854,12,20,Thursday,1,1.130365294
88,43.66473417,-79.41383882,8,9,Sunday,1,1.130277297
40,43.64400288,-79.40114985,11,24,Sunday,1,1.130251378
100,43.68791116,-79.39357087,7,7,Sunday,1,1.130249298
59,43.64918126,-79.37149371,7,22,Sunday,1,1.129958657
24,43.64379067,-79.3814651,3,18,Monday,2,1.129864201
43,43.65883711,-79.38548494,6,30,Monday,1,1.129863844
59,43.64918126,-79.37149371,8,27,Sunday,1,1.129856953
109,43.64718391,-79.39633854,5,17,Sunday,1,1.12985106
109,43.64718391,-79.39633854,9,6,Thursday,1,1.129773799
62,43.65912904,-79.44281043,9,24,Monday,1,1.129732318
22,43.65655891,-79.37933857,8,9,Sunday,1,1.129727733
34,43.64339526,-79.39996544,5,23,Monday,2,1.129373774
44,43.65934348,-79.38564705,8,12,Sunday,1,1.12934737
34,43.64339526,-79.39996544,11,24,Sunday,1,1.129339858
96,43.65651758,-79.37997752,6,22,Sunday,1,1.129298369
96,43.65651758,-79.37997752,12,3,Wednesday,1,1.129281793
0,43.65916252,-79.38109991,4,10,Monday,1,1.128961418
0,43.65916252,-79.38109991,5,15,Monday,1,1.128859715
91,43.65621245,-79.38329783,10,9,Thursday,1,1.128392088
43,43.65883711,-79.38548494,4,22,Monday,1,1.128274038
46,43.64512972,-79.40981086,4,18,Monday,1,1.127998548
80,43.66744694,-79.39856245,10,25,Sunday,1,1.127765077
86,43.64637784,-79.39366988,5,14,Sunday,1,1.127672819
90,43.63989312,-79.39800553,9,5,Thursday,1,1.127651008
96,43.65651758,-79.37997752,5,19,Sunday,1,1.12760686
35,43.64462355,-79.39784942,9,17,Sunday,1,1.127520094
83,43.64821428,-79.38423227,10,4,Friday,1,1.127274155
113,43.64312556,-79.42643475,10,3,Thursday,1,1.127072953
102,43.65366216,-79.3689117,5,28,Sunday,1,1.126883084
91,43.65621245,-79.38329783,6,22,Sunday,1,1.126676136
10,43.66510067,-79.41269361,3,18,Saturday,1,1.126634101
91,43.65621245,-79.38329783,7,27,Sunday,1,1.126574432
20,43.65776564,-79.38047983,11,26,Sunday,1,1.126135378
101,43.68257203,-79.33029217,7,6,Friday,1,1.126083797
102,43.65366216,-79.3689117,11,28,Thursday,1,1.125705809
108,43.65782271,-79.37871817,8,2,Friday,1,1.125646577
59,43.64918126,-79.37149371,9,6,Thursday,2,1.125601772
112,43.66997286,-79.30113632,7,29,Friday,2,1.125496904
114,43.65042544,-79.39661903,8,6,Thursday,1,1.125369065
102,43.65366216,-79.3689117,7,9,Thursday,1,1.125216018
113,43.64312556,-79.42643475,2,25,Monday,1,1.12518751
72,43.64514884,-79.39567152,10,6,Thursday,1,1.125112823
0,43.65916252,-79.38109991,7,29,Monday,1,1.125069882
90,43.63989312,-79.39800553,9,1,Friday,1,1.12506611
26,43.66651343,-79.40578396,1,18,Saturday,1,1.124552625
57,43.6413459,-79.42316564,8,12,Sunday,1,1.124444666
58,43.64208654,-79.42344119,8,12,Sunday,1,1.12431281
51,43.65938298,-79.44131329,10,4,Sunday,1,1.124132278
69,43.64055813,-79.3941964,10,2,Friday,1,1.124123485
24,43.64379067,-79.3814651,8,21,Sunday,1,1.123655745
95,43.6400542,-79.39806861,10,9,Friday,1,1.123552526
72,43.64514884,-79.39567152,11,6,Friday,1,1.123322828
3,43.70588279,-79.39842391,11,23,Monday,3,1.123250222
104,43.66526753,-79.34103365,5,3,Friday,1,1.123188378
75,43.65869889,-79.35150051,10,4,Tuesday,1,1.123044109
44,43.65934348,-79.38564705,9,24,Sunday,1,1.122969423
83,43.64821428,-79.38423227,8,6,Thursday,2,1.12288961
103,43.6430285,-79.4257847,2,25,Monday,1,1.122760044
102,43.65366216,-79.3689117,7,5,Friday,1,1.12263112
53,43.65559378,-79.38300729,9,30,Sunday,1,1.12261863
67,43.67040044,-79.38723005,12,10,Thursday,1,1.122487298
23,43.64878119,-79.38920988,5,30,Monday,1,1.122424843
38,43.64524541,-79.38007005,6,17,Sunday,1,1.122313825
91,43.65621245,-79.38329783,11,1,Tuesday,1,1.122302529
69,43.64055813,-79.3941964,7,27,Sunday,1,1.122200909
105,43.6677592,-79.40332134,9,1,Thursday,1,1.12218077
43,43.65883711,-79.38548494,8,20,Sunday,1,1.122167287
13,43.64495214,-79.39001341,7,10,Sunday,1,1.122132536
29,43.65954176,-79.38264682,7,12,Sunday,1,1.12202817
51,43.65938298,-79.44131329,8,25,Monday,1,1.121966167
78,43.65110046,-79.37018566,8,4,Friday,1,1.121825375
22,43.65655891,-79.37933857,7,13,Sunday,1,1.121759981
29,43.65954176,-79.38264682,10,27,Sunday,1,1.121723059
78,43.65110046,-79.37018566,8,11,Thursday,1,1.121720454
109,43.64718391,-79.39633854,9,15,Thursday,1,1.121704343
79,43.65110046,-79.37018566,1,8,Sunday,1,1.121479699
65,43.63938076,-79.3987871,8,30,Sunday,1,1.121360629
0,43.65916252,-79.38109991,8,10,Sunday,1,1.121061454
102,43.65366216,-79.3689117,1,15,Sunday,1,1.121013655
99,43.64158085,-79.41575868,11,16,Thursday,1,1.120997693
104,43.66526753,-79.34103365,8,27,Thursday,1,1.120985133
109,43.64718391,-79.39633854,9,9,Friday,1,1.120912658
36,43.65591844,-79.38938012,6,9,Sunday,1,1.120887795
65,43.63938076,-79.3987871,9,5,Thursday,2,1.120691873
58,43.64208654,-79.42344119,4,25,Monday,1,1.120556893
99,43.64158085,-79.41575868,10,12,Thursday,1,1.120202791
67,43.67040044,-79.38723005,7,19,Sunday,1,1.119976444
8,43.66670251,-79.40537838,1,18,Saturday,1,1.119723576
102,43.65366216,-79.3689117,10,23,Friday,1,1.11963619
91,43.65621245,-79.38329783,9,7,Friday,1,1.11963265
65,43.63938076,-79.3987871,2,3,Sunday,1,1.119281032
53,43.65559378,-79.38300729,11,6,Friday,1,1.119263272
78,43.65110046,-79.37018566,6,4,Thursday,1,1.119234042
108,43.65782271,-79.37871817,10,19,Friday,1,1.119166926
57,43.6413459,-79.42316564,8,18,Sunday,1,1.119065029
109,43.64718391,-79.39633854,10,16,Friday,1,1.119017742
34,43.64339526,-79.39996544,7,16,Sunday,1,1.118987398
58,43.64208654,-79.42344119,8,18,Sunday,1,1.118933173
86,43.64637784,-79.39366988,7,3,Thursday,1,1.118832903
102,43.65366216,-79.3689117,11,18,Wednesday,2,1.118797053
74,43.6654609,-79.408386,7,15,Sunday,2,1.118659666
79,43.65110046,-79.37018566,9,13,Friday,1,1.118410725
6,43.64173865,-79.42331575,10,13,Sunday,1,1.118146664
78,43.65110046,-79.37018566,9,13,Friday,1,1.118137246
65,43.63938076,-79.3987871,9,1,Friday,1,1.118106975
102,43.65366216,-79.3689117,8,22,Thursday,1,1.117941464
78,43.65110046,-79.37018566,10,25,Thursday,1,1.117930621
90,43.63989312,-79.39800553,9,9,Friday,1,1.11789326
96,43.65651758,-79.37997752,8,14,Thursday,1,1.117768634
88,43.66473417,-79.41383882,11,7,Thursday,1,1.117749252
78,43.65110046,-79.37018566,6,6,Thursday,2,1.11744083
102,43.65366216,-79.3689117,8,5,Wednesday,1,1.117308951
6,43.64173865,-79.42331575,10,14,Sunday,1,1.117250057
96,43.65651758,-79.37997752,7,3,Friday,1,1.117078652
102,43.65366216,-79.3689117,8,23,Thursday,1,1.117044858
38,43.64524541,-79.38007005,7,28,Sunday,1,1.116832484
79,43.65110046,-79.37018566,7,12,Thursday,1,1.116715999
53,43.65559378,-79.38300729,6,22,Sunday,1,1.116647498
64,43.65751263,-79.38023767,10,15,Thursday,1,1.116384333
57,43.6413459,-79.42316564,8,21,Sunday,1,1.11637521
86,43.64637784,-79.39366988,6,1,Thursday,1,1.116244788
25,43.6508344,-79.380877,11,4,Friday,1,1.11615266
48,43.6625538,-79.42176295,7,5,Sunday,1,1.116119496
43,43.65883711,-79.38548494,10,6,Thursday,1,1.116017189
96,43.65651758,-79.37997752,8,16,Thursday,2,1.115975421
83,43.64821428,-79.38423227,10,24,Thursday,1,1.115513353
91,43.65621245,-79.38329783,6,4,Thursday,1,1.115349809
65,43.63938076,-79.3987871,10,9,Friday,1,1.115315453
29,43.65954176,-79.38264682,4,5,Sunday,1,1.115160432
91,43.65621245,-79.38329783,9,12,Friday,1,1.115149619
69,43.64055813,-79.3941964,12,22,Friday,1,1.114954015
53,43.65559378,-79.38300729,7,29,Sunday,1,1.114752581
83,43.64821428,-79.38423227,9,20,Thursday,1,1.11471845
65,43.63938076,-79.3987871,12,9,Wednesday,1,1.114374611
69,43.64055813,-79.3941964,9,15,Thursday,1,1.114257599
96,43.65651758,-79.37997752,9,16,Friday,1,1.114185426
59,43.64918126,-79.37149371,8,7,Friday,1,1.114152515
75,43.65869889,-79.35150051,10,16,Wednesday,1,1.114053751
84,43.64222572,-79.40172497,8,11,Thursday,2,1.113791832
58,43.64208654,-79.42344119,7,19,Sunday,1,1.113655239
21,43.65196272,-79.36634205,11,1,Wednesday,1,1.113619785
44,43.65934348,-79.38564705,4,10,Sunday,1,1.113615273
112,43.66997286,-79.30113632,2,7,Wednesday,2,1.113612107
43,43.65883711,-79.38548494,4,10,Sunday,1,1.113608039
72,43.64514884,-79.39567152,9,14,Thursday,1,1.113558646
44,43.65934348,-79.38564705,10,2,Friday,1,1.113439525
56,43.6399814,-79.39696817,10,9,Friday,1,1.113371104
67,43.67040044,-79.38723005,10,4,Friday,2,1.112932958
18,43.67951024,-79.39104716,5,25,Monday,1,1.112696152
91,43.65621245,-79.38329783,9,22,Thursday,1,1.112354879
79,43.65110046,-79.37018566,7,10,Friday,1,1.112337889
20,43.65776564,-79.38047983,7,22,Sunday,1,1.112196493
44,43.65934348,-79.38564705,2,2,Sunday,2,1.112025468
43,43.65883711,-79.38548494,2,2,Sunday,2,1.112018234
67,43.67040044,-79.38723005,12,4,Wednesday,1,1.111992116
67,43.67040044,-79.38723005,7,28,Sunday,2,1.111906988
99,43.64158085,-79.41575868,1,8,Sunday,1,1.111822508
96,43.65651758,-79.37997752,8,1,Tuesday,1,1.111780779
101,43.68257203,-79.33029217,9,21,Wednesday,1,1.111693862
38,43.64524541,-79.38007005,5,24,Sunday,1,1.111656253
37,43.66604079,-79.36847237,10,7,Friday,1,1.111519986
83,43.64821428,-79.38423227,9,6,Wednesday,1,1.111396118
18,43.67951024,-79.39104716,1,7,Monday,2,1.111309754
102,43.65366216,-79.3689117,4,10,Thursday,1,1.111175429
91,43.65621245,-79.38329783,9,4,Tuesday,1,1.110850055
55,43.64187242,-79.41124678,12,14,Friday,1,1.110721372
96,43.65651758,-79.37997752,8,22,Thursday,1,1.110595784
53,43.65559378,-79.38300729,5,24,Sunday,1,1.110472958
79,43.65110046,-79.37018566,7,19,Thursday,1,1.110439756
28,43.70826991,-79.40006405,5,14,Monday,1,1.110250892
96,43.65651758,-79.37997752,7,11,Friday,1,1.109905802
105,43.6677592,-79.40332134,8,3,Friday,1,1.109834908
63,43.64615379,-79.38893149,11,28,Thursday,1,1.109703129
86,43.64637784,-79.39366988,12,20,Wednesday,2,1.109622415
53,43.65559378,-79.38300729,9,7,Friday,1,1.109604011
53,43.65559378,-79.38300729,5,25,Sunday,2,1.109576351
91,43.65621245,-79.38329783,10,30,Thursday,1,1.109563356
79,43.65110046,-79.37018566,11,22,Wednesday,1,1.109400428
6,43.64173865,-79.42331575,8,13,Sunday,1,1.109384009
102,43.65366216,-79.3689117,6,15,Friday,1,1.10928373
84,43.64222572,-79.40172497,10,19,Friday,1,1.109210314
78,43.65110046,-79.37018566,11,22,Wednesday,1,1.109126948
91,43.65621245,-79.38329783,9,6,Tuesday,1,1.109056843
69,43.64055813,-79.3941964,9,14,Friday,1,1.108982882
106,43.64445933,-79.41937817,10,17,Friday,1,1.108832188
29,43.65954176,-79.38264682,10,4,Friday,2,1.10870844
83,43.64821428,-79.38423227,10,14,Wednesday,1,1.108604596
87,43.68967835,-79.3951269,9,5,Thursday,1,1.108445482
38,43.64524541,-79.38007005,4,23,Sunday,1,1.108171532
106,43.64445933,-79.41937817,11,10,Tuesday,2,1.108017345
93,43.66082132,-79.43193836,9,3,Thursday,1,1.107984686
20,43.65776564,-79.38047983,6,22,Sunday,1,1.107815165
109,43.64718391,-79.39633854,7,14,Friday,1,1.107666971
109,43.64718391,-79.39633854,6,16,Thursday,1,1.107663754
109,43.64718391,-79.39633854,8,19,Friday,1,1.107565268
65,43.63938076,-79.3987871,10,7,Wednesday,1,1.107405168
90,43.63989312,-79.39800553,9,10,Wednesday,1,1.107293157
43,43.65883711,-79.38548494,10,9,Friday,1,1.107156048
105,43.6677592,-79.40332134,10,3,Tuesday,1,1.107125149
104,43.66526753,-79.34103365,7,18,Tuesday,1,1.107029526
29,43.65954176,-79.38264682,5,19,Sunday,2,1.106989272
4,43.65092866,-79.39783777,2,22,Monday,1,1.106840648
113,43.64312556,-79.42643475,3,22,Sunday,1,1.106833382
86,43.64637784,-79.39366988,6,12,Thursday,1,1.106382119
100,43.68791116,-79.39357087,5,24,Sunday,1,1.106244337
46,43.64512972,-79.40981086,4,14,Sunday,2,1.106159699
113,43.64312556,-79.42643475,1,13,Sunday,1,1.106140183
53,43.65559378,-79.38300729,8,13,Thursday,1,1.106014369
79,43.65110046,-79.37018566,10,21,Wednesday,1,1.105915706
108,43.65782271,-79.37871817,10,23,Wednesday,1,1.105877004
79,43.65110046,-79.37018566,12,29,Tuesday,1,1.105736595
67,43.67040044,-79.38723005,10,19,Thursday,1,1.105655187
72,43.64514884,-79.39567152,8,18,Thursday,1,1.105590893
91,43.65621245,-79.38329783,8,7,Wednesday,2,1.105547826
111,43.65012455,-79.39737065,9,25,Friday,1,1.10553021
104,43.66526753,-79.34103365,2,15,Thursday,1,1.105456443
43,43.65883711,-79.38548494,9,13,Thursday,1,1.105359618
26,43.66651343,-79.40578396,7,16,Sunday,1,1.10529957
59,43.64918126,-79.37149371,9,22,Friday,2,1.105084749
108,43.65782271,-79.37871817,10,22,Tuesday,1,1.105004694
113,43.64312556,-79.42643475,7,13,Thursday,1,1.104962908
12,43.66044596,-79.38617508,6,19,Sunday,1,1.104904958
6,43.64173865,-79.42331575,8,18,Sunday,1,1.104900977
78,43.65110046,-79.37018566,9,17,Wednesday,1,1.104847324
96,43.65651758,-79.37997752,6,1,Wednesday,1,1.10478704
78,43.65110046,-79.37018566,7,25,Thursday,1,1.104786639
102,43.65366216,-79.3689117,7,25,Friday,1,1.104698995
91,43.65621245,-79.38329783,8,8,Wednesday,2,1.104651219
84,43.64222572,-79.40172497,10,31,Thursday,6,1.104622362
56,43.6399814,-79.39696817,8,9,Friday,1,1.104608449
91,43.65621245,-79.38329783,9,13,Wednesday,1,1.104549516
96,43.65651758,-79.37997752,9,16,Wednesday,1,1.104481929
103,43.6430285,-79.4257847,3,22,Sunday,1,1.104405916
53,43.65559378,-79.38300729,7,10,Thursday,1,1.10432286
26,43.66651343,-79.40578396,3,26,Monday,1,1.104233472
79,43.65110046,-79.37018566,9,18,Wednesday,1,1.104224198
53,43.65559378,-79.38300729,11,23,Friday,1,1.104020966
65,43.63938076,-79.3987871,7,7,Friday,1,1.103964682
38,43.64524541,-79.38007005,7,12,Thursday,1,1.103712944
65,43.63938076,-79.3987871,9,24,Thursday,1,1.103656354
98,43.64790527,-79.38572042,7,20,Friday,1,1.103391988
86,43.64637784,-79.39366988,10,28,Friday,1,1.103390406
36,43.65591844,-79.38938012,7,3,Thursday,1,1.10318352
34,43.64339526,-79.39996544,4,19,Sunday,2,1.103153597
84,43.64222572,-79.40172497,10,13,Tuesday,3,1.103117538
102,43.65366216,-79.3689117,4,19,Thursday,1,1.103105973
78,43.65110046,-79.37018566,7,20,Friday,1,1.103098347
78,43.65110046,-79.37018566,9,19,Wednesday,1,1.103054112
25,43.6508344,-79.380877,11,8,Wednesday,1,1.102862738
43,43.65883711,-79.38548494,8,11,Thursday,1,1.102771503
86,43.64637784,-79.39366988,10,18,Wednesday,1,1.102652972
13,43.64495214,-79.39001341,9,4,Friday,1,1.102638266
20,43.65776564,-79.38047983,9,5,Friday,1,1.102564891
96,43.65651758,-79.37997752,8,31,Thursday,1,1.102526327
22,43.65655891,-79.37933857,8,2,Friday,1,1.102367414
109,43.64718391,-79.39633854,7,20,Friday,1,1.102287334
40,43.64400288,-79.40114985,10,2,Wednesday,1,1.102255328
20,43.65776564,-79.38047983,1,4,Sunday,1,1.10204744
12,43.66044596,-79.38617508,11,16,Thursday,1,1.102036174
96,43.65651758,-79.37997752,7,9,Wednesday,2,1.101995518
96,43.65651758,-79.37997752,5,17,Thursday,1,1.101934832
32,43.6564986,-79.35554106,7,1,Wednesday,1,1.101791416
96,43.65651758,-79.37997752,8,25,Friday,1,1.101734642
110,43.6499379,-79.3976489,7,26,Thursday,1,1.101726978
108,43.65782271,-79.37871817,5,21,Thursday,2,1.101638398
20,43.65776564,-79.38047983,10,18,Thursday,1,1.10146166
78,43.65110046,-79.37018566,6,17,Friday,1,1.101406838
63,43.64615379,-79.38893149,8,5,Wednesday,1,1.10130627
86,43.64637784,-79.39366988,7,3,Tuesday,2,1.101189167
79,43.65110046,-79.37018566,3,10,Thursday,1,1.100983902
43,43.65883711,-79.38548494,10,16,Friday,1,1.100879804
43,43.65883711,-79.38548494,12,13,Tuesday,1,1.100859864
75,43.65869889,-79.35150051,5,24,Thursday,2,1.100849083
32,43.6564986,-79.35554106,9,10,Tuesday,1,1.100715698
8,43.66670251,-79.40537838,7,16,Sunday,1,1.100470521
96,43.65651758,-79.37997752,6,4,Tuesday,1,1.100328305
55,43.64187242,-79.41124678,9,11,Friday,2,1.100267208
88,43.66473417,-79.41383882,10,4,Wednesday,1,1.100182924
96,43.65651758,-79.37997752,5,19,Thursday,1,1.10014162
47,43.65484432,-79.42170986,7,26,Sunday,1,1.100070861
86,43.64637784,-79.39366988,9,16,Wednesday,1,1.100064857
13,43.64495214,-79.39001341,10,1,Wednesday,1,1.100005916
37,43.66604079,-79.36847237,9,15,Friday,2,1.099965809
59,43.64918126,-79.37149371,7,18,Friday,1,1.099908519
108,43.65782271,-79.37871817,9,25,Wednesday,1,1.099702464
23,43.64878119,-79.38920988,5,27,Sunday,1,1.099689387
22,43.65655891,-79.37933857,10,2,Tuesday,1,1.099657656
95,43.6400542,-79.39806861,7,21,Friday,1,1.099649268
53,43.65559378,-79.38300729,10,30,Thursday,1,1.099534718
91,43.65621245,-79.38329783,4,12,Thursday,1,1.099414304
69,43.64055813,-79.3941964,7,15,Friday,1,1.099323621
21,43.65196272,-79.36634205,8,20,Thursday,1,1.099315103
53,43.65559378,-79.38300729,8,1,Tuesday,1,1.099129908
75,43.65869889,-79.35150051,6,24,Friday,1,1.099059088
53,43.65559378,-79.38300729,9,6,Tuesday,1,1.099028204
29,43.65954176,-79.38264682,4,23,Sunday,2,1.099021519
113,43.64312556,-79.42643475,6,8,Friday,1,1.098893289
22,43.65655891,-79.37933857,7,1,Friday,1,1.098882693
80,43.66744694,-79.39856245,8,10,Friday,1,1.098814953
44,43.65934348,-79.38564705,1,12,Sunday,2,1.098678078
43,43.65883711,-79.38548494,1,12,Sunday,2,1.098670844
34,43.64339526,-79.39996544,4,24,Sunday,1,1.098670566
38,43.64524541,-79.38007005,5,1,Friday,1,1.098641634
25,43.6508344,-79.380877,7,11,Thursday,1,1.098522429
44,43.65934348,-79.38564705,9,3,Wednesday,1,1.098458095
43,43.65883711,-79.38548494,9,3,Wednesday,1,1.098450861
96,43.65651758,-79.37997752,4,16,Thursday,1,1.098450111
56,43.6399814,-79.39696817,9,10,Wednesday,1,1.098389673
104,43.66526753,-79.34103365,2,16,Friday,1,1.098388514
59,43.64918126,-79.37149371,6,15,Friday,1,1.09821701
53,43.65559378,-79.38300729,6,12,Thursday,1,1.09814832
95,43.6400542,-79.39806861,6,5,Tuesday,1,1.098141227
79,43.65110046,-79.37018566,6,21,Friday,1,1.098093893
20,43.65776564,-79.38047983,11,9,Wednesday,1,1.098037625
99,43.64158085,-79.41575868,9,25,Friday,1,1.097994259
109,43.64718391,-79.39633854,6,27,Thursday,1,1.097801085
67,43.67040044,-79.38723005,9,16,Friday,1,1.097792355
69,43.64055813,-79.3941964,8,9,Tuesday,1,1.097612172
43,43.65883711,-79.38548494,9,4,Wednesday,1,1.097554255
42,43.66380623,-79.41625386,6,21,Sunday,1,1.097540218
63,43.64615379,-79.38893149,10,19,Wednesday,1,1.097516438
91,43.65621245,-79.38329783,8,14,Tuesday,1,1.097502665
44,43.65934348,-79.38564705,10,7,Tuesday,1,1.097484081
21,43.65196272,-79.36634205,10,25,Friday,1,1.097423404
96,43.65651758,-79.37997752,7,25,Friday,1,1.097353315
13,43.64495214,-79.39001341,4,23,Sunday,1,1.097332672
43,43.65883711,-79.38548494,9,22,Thursday,1,1.097290162
96,43.65651758,-79.37997752,8,30,Friday,1,1.097251611
53,43.65559378,-79.38300729,9,8,Tuesday,1,1.097234991
3,43.70588279,-79.39842391,8,9,Sunday,1,1.097233452
83,43.64821428,-79.38423227,6,25,Thursday,1,1.097091436
95,43.6400542,-79.39806861,5,21,Thursday,1,1.097057936
29,43.65954176,-79.38264682,12,16,Wednesday,1,1.097008324
84,43.64222572,-79.40172497,7,18,Friday,1,1.096962938
63,43.64615379,-79.38893149,8,8,Tuesday,1,1.096847535
25,43.6508344,-79.380877,3,24,Sunday,1,1.096806477
10,43.66510067,-79.41269361,11,7,Thursday,1,1.096747918
38,43.64524541,-79.38007005,8,7,Wednesday,2,1.096702483
7,43.64554509,-79.39592672,8,8,Thursday,1,1.096519303
96,43.65651758,-79.37997752,9,25,Wednesday,1,1.096412473
109,43.64718391,-79.39633854,5,6,Wednesday,1,1.09637367
50,43.66088487,-79.43193423,9,3,Thursday,1,1.096201788
86,43.64637784,-79.39366988,2,4,Thursday,1,1.096029659
34,43.64339526,-79.39996544,10,6,Tuesday,1,1.095988467
114,43.65042544,-79.39661903,7,27,Friday,1,1.095987683
22,43.65655891,-79.37933857,8,16,Thursday,2,1.09598625
84,43.64222572,-79.40172497,8,24,Friday,1,1.095964628
99,43.64158085,-79.41575868,4,3,Friday,1,1.095812959
91,43.65621245,-79.38329783,7,13,Wednesday,1,1.095786861
63,43.64615379,-79.38893149,8,22,Friday,1,1.095767461
79,43.65110046,-79.37018566,5,8,Wednesday,1,1.09566495
63,43.64615379,-79.38893149,8,29,Thursday,1,1.09566254
7,43.64554509,-79.39592672,9,14,Thursday,1,1.095520993
53,43.65559378,-79.38300729,8,7,Wednesday,2,1.095519187
86,43.64637784,-79.39366988,10,24,Tuesday,1,1.095504418
20,43.65776564,-79.38047983,8,8,Friday,1,1.095493745
84,43.64222572,-79.40172497,7,20,Friday,1,1.095169725
69,43.64055813,-79.3941964,4,12,Thursday,1,1.09504078
63,43.64615379,-79.38893149,8,12,Wednesday,1,1.095030027
21,43.65196272,-79.36634205,9,10,Tuesday,1,1.095018756
21,43.65196272,-79.36634205,3,31,Sunday,1,1.095011036
69,43.64055813,-79.3941964,7,9,Wednesday,1,1.094999762
111,43.65012455,-79.39737065,7,27,Friday,1,1.094974343
41,43.65843223,-79.35259535,5,13,Friday,1,1.094893651
89,43.66095692,-79.43160626,8,5,Friday,1,1.094629094
53,43.65559378,-79.38300729,8,8,Wednesday,2,1.094622581
20,43.65776564,-79.38047983,8,16,Thursday,1,1.094492218
67,43.67040044,-79.38723005,9,9,Wednesday,1,1.094365102
22,43.65655891,-79.37933857,8,18,Thursday,1,1.094193037
36,43.65591844,-79.38938012,10,10,Wednesday,2,1.09417644
86,43.64637784,-79.39366988,6,6,Tuesday,1,1.09411802
91,43.65621245,-79.38329783,5,16,Friday,1,1.094037883
69,43.64055813,-79.3941964,8,13,Tuesday,1,1.094025747
7,43.64554509,-79.39592672,8,11,Thursday,1,1.093829484
69,43.64055813,-79.3941964,10,25,Wednesday,3,1.093798044
83,43.64821428,-79.38423227,6,9,Tuesday,1,1.0937934
79,43.65110046,-79.37018566,6,15,Wednesday,1,1.093770034
13,43.64495214,-79.39001341,10,6,Tuesday,1,1.093753968
38,43.64524541,-79.38007005,9,26,Friday,1,1.093751788
59,43.64918126,-79.37149371,7,25,Friday,1,1.093632275
59,43.64918126,-79.37149371,6,27,Thursday,1,1.093629058
102,43.65366216,-79.3689117,4,10,Tuesday,1,1.093531693
54,43.65445748,-79.42385391,8,2,Friday,1,1.093512873
78,43.65110046,-79.37018566,6,15,Wednesday,1,1.093496554
58,43.64208654,-79.42344119,9,1,Tuesday,1,1.09344783
84,43.64222572,-79.40172497,8,16,Wednesday,1,1.093433981
78,43.65110046,-79.37018566,7,18,Tuesday,1,1.093419146
3,43.70588279,-79.39842391,5,27,Monday,1,1.093375832
65,43.63938076,-79.3987871,7,8,Wednesday,2,1.09336458
78,43.65110046,-79.37018566,6,26,Friday,1,1.093337382
65,43.63938076,-79.3987871,6,14,Friday,1,1.093307111
21,43.65196272,-79.36634205,8,9,Wednesday,1,1.093302952
69,43.64055813,-79.3941964,7,9,Tuesday,1,1.093230845
69,43.64055813,-79.3941964,8,16,Wednesday,1,1.093104845
96,43.65651758,-79.37997752,7,17,Tuesday,1,1.093053751
24,43.64379067,-79.3814651,8,7,Wednesday,1,1.092868173
38,43.64524541,-79.38007005,8,29,Thursday,1,1.092851965
86,43.64637784,-79.39366988,10,27,Tuesday,1,1.092814599
43,43.65883711,-79.38548494,10,25,Friday,1,1.092810348
6,43.64173865,-79.42331575,4,12,Sunday,2,1.092755305
95,43.6400542,-79.39806861,6,13,Wednesday,1,1.092737294
57,43.6413459,-79.42316564,11,14,Wednesday,1,1.092455377
91,43.65621245,-79.38329783,7,15,Tuesday,1,1.092224731
43,43.65883711,-79.38548494,10,13,Tuesday,1,1.092097209
106,43.64445933,-79.41937817,9,18,Tuesday,1,1.09208184
38,43.64524541,-79.38007005,8,23,Friday,1,1.09206028
29,43.65954176,-79.38264682,9,7,Wednesday,1,1.091933797
108,43.65782271,-79.37871817,7,24,Wednesday,1,1.091836415
83,43.64821428,-79.38423227,5,26,Thursday,1,1.091813503
72,43.64514884,-79.39567152,5,12,Friday,1,1.091655225
67,43.67040044,-79.38723005,8,18,Friday,2,1.091617815
63,43.64615379,-79.38893149,7,9,Tuesday,1,1.091569601
43,43.65883711,-79.38548494,7,1,Wednesday,1,1.091481418
30,43.65628323,-79.40728478,3,17,Sunday,1,1.091372948
96,43.65651758,-79.37997752,7,19,Tuesday,1,1.091260539
41,43.65843223,-79.35259535,5,24,Thursday,2,1.091202305
80,43.66744694,-79.39856245,5,4,Friday,1,1.091050608
46,43.64512972,-79.40981086,7,8,Friday,1,1.091046756
95,43.6400542,-79.39806861,5,10,Wednesday,1,1.091045785
92,43.66084513,-79.4315601,7,12,Thursday,1,1.091026358
0,43.65916252,-79.38109991,10,3,Tuesday,1,1.090991377
29,43.65954176,-79.38264682,7,16,Thursday,1,1.090976505
79,43.65110046,-79.37018566,5,31,Thursday,2,1.090917825
83,43.64821428,-79.38423227,8,22,Tuesday,1,1.090900174
95,43.6400542,-79.39806861,4,23,Thursday,1,1.090883396
67,43.67040044,-79.38723005,6,16,Thursday,1,1.090819695
24,43.64379067,-79.3814651,9,25,Friday,1,1.090814085
67,43.67040044,-79.38723005,9,13,Wednesday,1,1.090778677
72,43.64514884,-79.39567152,9,20,Tuesday,2,1.090535272
48,43.6625538,-79.42176295,8,1,Friday,1,1.090450686
31,43.66350658,-79.36716264,5,6,Friday,1,1.090407914
59,43.64918126,-79.37149371,6,11,Tuesday,1,1.090331022
53,43.65559378,-79.38300729,8,13,Wednesday,1,1.090139549
67,43.67040044,-79.38723005,4,7,Thursday,1,1.090126496
3,43.70588279,-79.39842391,8,17,Sunday,1,1.090060602
57,43.6413459,-79.42316564,3,26,Sunday,1,1.089985541
65,43.63938076,-79.3987871,5,2,Wednesday,1,1.089981562
29,43.65954176,-79.38264682,8,22,Thursday,2,1.089978195
91,43.65621245,-79.38329783,2,6,Friday,1,1.089859963
21,43.65196272,-79.36634205,4,11,Thursday,2,1.089859249
67,43.67040044,-79.38723005,8,27,Thursday,1,1.089719681
12,43.66044596,-79.38617508,11,30,Thursday,1,1.089483687
74,43.6654609,-79.408386,10,14,Wednesday,2,1.089360196
53,43.65559378,-79.38300729,7,9,Wednesday,1,1.089344647
67,43.67040044,-79.38723005,8,8,Tuesday,2,1.089111464
45,43.67988732,-79.34501238,3,12,Thursday,1,1.088995905
67,43.67040044,-79.38723005,8,21,Friday,2,1.088927996
69,43.64055813,-79.3941964,6,9,Tuesday,2,1.088849517
44,43.65934348,-79.38564705,7,4,Wednesday,1,1.088798834
91,43.65621245,-79.38329783,3,19,Thursday,1,1.088756732
91,43.65621245,-79.38329783,5,29,Thursday,1,1.088553325
96,43.65651758,-79.37997752,7,24,Wednesday,1,1.088546424
0,43.65916252,-79.38109991,7,4,Friday,1,1.088423201
1,43.6620574,-79.42787082,10,3,Thursday,2,1.08840406
7,43.64554509,-79.39592672,10,20,Friday,1,1.08835136
4,43.65092866,-79.39783777,12,13,Tuesday,2,1.088189128
70,43.65814872,-79.40051496,8,29,Thursday,1,1.088063832
57,43.6413459,-79.42316564,9,27,Thursday,1,1.08791166
44,43.65934348,-79.38564705,7,5,Wednesday,1,1.087902227
21,43.65196272,-79.36634205,6,23,Thursday,1,1.087862629
17,43.64689891,-79.41758626,10,13,Friday,1,1.087861586
96,43.65651758,-79.37997752,6,20,Wednesday,1,1.087751522
41,43.65843223,-79.35259535,4,23,Thursday,1,1.087717584
70,43.65814872,-79.40051496,4,3,Friday,1,1.087678962
7,43.64554509,-79.39592672,8,18,Thursday,1,1.08755324
44,43.65934348,-79.38564705,9,26,Friday,1,1.087539648
26,43.66651343,-79.40578396,10,13,Friday,1,1.087496809
64,43.65751263,-79.38023767,5,16,Friday,1,1.087409766
34,43.64339526,-79.39996544,6,9,Friday,1,1.087245752
57,43.6413459,-79.42316564,8,23,Thursday,1,1.087116757
113,43.64312556,-79.42643475,8,31,Friday,1,1.087034
58,43.64208654,-79.42344119,8,23,Thursday,1,1.086984902
37,43.66604079,-79.36847237,7,7,Tuesday,1,1.08690359
26,43.66651343,-79.40578396,6,1,Thursday,1,1.086902097
25,43.6508344,-79.380877,8,22,Friday,1,1.086869765
96,43.65651758,-79.37997752,6,21,Wednesday,1,1.086854915
99,43.64158085,-79.41575868,6,10,Tuesday,1,1.086826957
55,43.64187242,-79.41124678,11,25,Wednesday,1,1.086773879
53,43.65559378,-79.38300729,7,10,Tuesday,1,1.086679124
35,43.64462355,-79.39784942,10,30,Friday,1,1.086608978
79,43.65110046,-79.37018566,7,26,Tuesday,2,1.086519776
65,43.63938076,-79.3987871,6,9,Tuesday,1,1.086317729
12,43.66044596,-79.38617508,11,16,Wednesday,1,1.086161355
49,43.65374298,-79.42662771,7,10,Thursday,1,1.085895055
83,43.64821428,-79.38423227,5,13,Tuesday,1,1.085825648
0,43.65916252,-79.38109991,6,9,Thursday,1,1.085730165
26,43.66651343,-79.40578396,12,12,Tuesday,1,1.085683657
29,43.65954176,-79.38264682,10,19,Wednesday,1,1.08555585
4,43.65092866,-79.39783777,9,21,Thursday,1,1.085516032
95,43.6400542,-79.39806861,5,27,Friday,1,1.085506976
18,43.67951024,-79.39104716,11,8,Wednesday,1,1.085461089
45,43.67988732,-79.34501238,7,18,Wednesday,1,1.085266758
65,43.63938076,-79.3987871,8,22,Wednesday,1,1.08519342
21,43.65196272,-79.36634205,9,23,Wednesday,2,1.085131792
38,43.64524541,-79.38007005,6,21,Friday,1,1.085090837
14,43.65471122,-79.46636815,9,22,Sunday,1,1.084956038
100,43.68791116,-79.39357087,6,22,Thursday,2,1.084953637
86,43.64637784,-79.39366988,8,26,Tuesday,1,1.08494855
114,43.65042544,-79.39661903,1,10,Friday,1,1.084942024
53,43.65559378,-79.38300729,7,12,Tuesday,1,1.084885911
67,43.67040044,-79.38723005,6,5,Wednesday,1,1.084807544
22,43.65655891,-79.37933857,6,1,Wednesday,1,1.084797869
32,43.6564986,-79.35554106,5,28,Thursday,1,1.084695212
53,43.65559378,-79.38300729,9,22,Tuesday,1,1.084682504
23,43.64878119,-79.38920988,9,13,Tuesday,1,1.084658208
20,43.65776564,-79.38047983,9,25,Friday,1,1.084632766
91,43.65621245,-79.38329783,5,14,Tuesday,1,1.084358682
44,43.65934348,-79.38564705,6,15,Friday,1,1.084258334
53,43.65559378,-79.38300729,4,11,Friday,1,1.084110948
29,43.65954176,-79.38264682,7,4,Tuesday,1,1.084092044
29,43.65954176,-79.38264682,6,12,Friday,1,1.08401028
53,43.65559378,-79.38300729,4,18,Thursday,1,1.084006027
111,43.65012455,-79.39737065,1,10,Friday,1,1.083928684
0,43.65916252,-79.38109991,8,14,Friday,2,1.083838466
80,43.66744694,-79.39856245,7,11,Wednesday,1,1.083833522
40,43.64400288,-79.40114985,6,3,Wednesday,1,1.083833412
22,43.65655891,-79.37933857,6,13,Friday,1,1.08374209
57,43.6413459,-79.42316564,10,17,Tuesday,1,1.083615314
67,43.67040044,-79.38723005,9,21,Wednesday,2,1.083605827
72,43.64514884,-79.39567152,5,28,Thursday,1,1.083480848
96,43.65651758,-79.37997752,6,23,Tuesday,1,1.083292786
100,43.68791116,-79.39357087,8,14,Tuesday,1,1.083245406
53,43.65559378,-79.38300729,4,12,Friday,1,1.083214342
0,43.65916252,-79.38109991,6,5,Friday,1,1.083145267
86,43.64637784,-79.39366988,8,30,Wednesday,1,1.083131042
0,43.65916252,-79.38109991,8,22,Thursday,2,1.082836939
12,43.66044596,-79.38617508,7,11,Friday,1,1.082822573
10,43.66510067,-79.41269361,8,1,Friday,1,1.08281225
67,43.67040044,-79.38723005,8,17,Wednesday,1,1.082810925
8,43.66670251,-79.40537838,10,13,Friday,1,1.08266776
69,43.64055813,-79.3941964,6,16,Tuesday,1,1.082573274
65,43.63938076,-79.3987871,6,26,Friday,1,1.082547836
21,43.65196272,-79.36634205,6,29,Thursday,1,1.082482991
69,43.64055813,-79.3941964,7,23,Wednesday,1,1.082447274
48,43.6625538,-79.42176295,9,4,Wednesday,1,1.082438698
5,43.65534551,-79.40259487,9,3,Wednesday,1,1.082347021
35,43.64462355,-79.39784942,8,25,Friday,1,1.082329354
30,43.65628323,-79.40728478,9,19,Friday,1,1.082231138
62,43.65912904,-79.44281043,9,18,Thursday,1,1.082221441
13,43.64495214,-79.39001341,8,29,Thursday,1,1.082013105
84,43.64222572,-79.40172497,6,19,Wednesday,1,1.081981508
67,43.67040044,-79.38723005,7,24,Friday,1,1.08185685
22,43.65655891,-79.37933857,9,19,Wednesday,1,1.081802939
67,43.67040044,-79.38723005,10,28,Wednesday,1,1.081710911
69,43.64055813,-79.3941964,7,22,Tuesday,1,1.081574964
25,43.6508344,-79.380877,8,28,Friday,1,1.081490127
83,43.64821428,-79.38423227,4,15,Wednesday,1,1.081420024
20,43.65776564,-79.38047983,6,21,Thursday,1,1.081246531
18,43.67951024,-79.39104716,9,1,Tuesday,1,1.081205761
16,43.6465782,-79.4079438,8,15,Friday,1,1.081150953
114,43.65042544,-79.39661903,5,23,Wednesday,1,1.081107956
4,43.65092866,-79.39783777,11,29,Friday,2,1.080934514
9,43.64531566,-79.39680514,7,14,Friday,1,1.080860471
32,43.6564986,-79.35554106,3,3,Tuesday,1,1.080703976
56,43.6399814,-79.39696817,4,23,Thursday,1,1.080701974
82,43.66354097,-79.4173512,6,21,Thursday,1,1.080664097
43,43.65883711,-79.38548494,7,24,Friday,1,1.080562971
44,43.65934348,-79.38564705,8,29,Friday,1,1.080468501
43,43.65883711,-79.38548494,8,29,Friday,1,1.080461267
108,43.65782271,-79.37871817,3,28,Friday,1,1.080428177
23,43.64878119,-79.38920988,8,15,Wednesday,1,1.080252585
95,43.6400542,-79.39806861,6,25,Tuesday,1,1.080209102
22,43.65655891,-79.37933857,5,19,Thursday,1,1.080152448
20,43.65776564,-79.38047983,11,29,Wednesday,1,1.0801055
67,43.67040044,-79.38723005,7,26,Friday,2,1.080063637
113,43.64312556,-79.42643475,5,31,Thursday,1,1.08006134
21,43.65196272,-79.36634205,6,14,Wednesday,1,1.080057266
72,43.64514884,-79.39567152,6,19,Wednesday,1,1.080056813
96,43.65651758,-79.37997752,4,19,Wednesday,1,1.079885473
91,43.65621245,-79.38329783,5,19,Tuesday,1,1.079875651
86,43.64637784,-79.39366988,5,17,Tuesday,1,1.079874024
110,43.6499379,-79.3976489,5,23,Wednesday,1,1.079779323
9,43.64531566,-79.39680514,10,30,Friday,1,1.079658753
7,43.64554509,-79.39592672,10,19,Wednesday,1,1.079544469
53,43.65559378,-79.38300729,7,18,Tuesday,2,1.079506274
108,43.65782271,-79.37871817,5,28,Wednesday,1,1.079487335
53,43.65559378,-79.38300729,7,20,Wednesday,1,1.079481978
50,43.66088487,-79.43193423,7,12,Thursday,1,1.079369677
8,43.66670251,-79.40537838,7,9,Thursday,1,1.079281525
51,43.65938298,-79.44131329,8,7,Friday,1,1.079043242
63,43.64615379,-79.38893149,5,26,Friday,1,1.079037053
2,43.6620574,-79.42787082,5,20,Sunday,1,1.078993836
25,43.6508344,-79.380877,7,26,Friday,1,1.078902012
43,43.65883711,-79.38548494,5,23,Thursday,1,1.078868245
0,43.65916252,-79.38109991,7,2,Tuesday,2,1.078744
53,43.65559378,-79.38300729,3,19,Thursday,1,1.078728094
1,43.6620574,-79.42787082,5,20,Sunday,1,1.078720356
26,43.66651343,-79.40578396,10,12,Wednesday,1,1.078689919
0,43.65916252,-79.38109991,8,7,Tuesday,1,1.078642297
20,43.65776564,-79.38047983,10,24,Tuesday,1,1.078438287
65,43.63938076,-79.3987871,4,10,Wednesday,1,1.078427384
45,43.67988732,-79.34501238,4,9,Tuesday,1,1.078423315
3,43.70588279,-79.39842391,8,30,Sunday,1,1.078404721
17,43.64689891,-79.41758626,8,3,Wednesday,1,1.078361496
67,43.67040044,-79.38723005,8,20,Tuesday,1,1.078352189
25,43.6508344,-79.380877,3,14,Thursday,1,1.0783073
67,43.67040044,-79.38723005,7,28,Friday,2,1.078270425
9,43.64531566,-79.39680514,8,29,Thursday,1,1.077964027
13,43.64495214,-79.39001341,7,9,Tuesday,1,1.077920166
11,43.66397724,-79.41743325,11,7,Tuesday,1,1.077856908
24,43.64379067,-79.3814651,6,12,Tuesday,1,1.07785357
0,43.65916252,-79.38109991,8,8,Tuesday,1,1.07774569
67,43.67040044,-79.38723005,5,19,Friday,1,1.077577226
21,43.65196272,-79.36634205,5,23,Friday,1,1.077309978
8,43.66670251,-79.40537838,10,19,Friday,1,1.077288122
25,43.6508344,-79.380877,7,17,Wednesday,1,1.077267972
69,43.64055813,-79.3941964,4,25,Friday,1,1.077213576
58,43.64208654,-79.42344119,10,24,Tuesday,1,1.077207214
20,43.65776564,-79.38047983,5,3,Wednesday,1,1.077129297
63,43.64615379,-79.38893149,8,30,Tuesday,1,1.077122197
43,43.65883711,-79.38548494,9,25,Tuesday,1,1.076956607
53,43.65559378,-79.38300729,7,23,Wednesday,2,1.076792159
4,43.65092866,-79.39783777,8,19,Friday,1,1.076756594
32,43.6564986,-79.35554106,7,29,Wednesday,1,1.076686441
102,43.65366216,-79.3689117,2,21,Wednesday,1,1.076675286
1,43.6620574,-79.42787082,11,21,Thursday,1,1.076646475
21,43.65196272,-79.36634205,5,13,Wednesday,1,1.076572544
106,43.64445933,-79.41937817,4,11,Tuesday,1,1.076451446
43,43.65883711,-79.38548494,7,18,Wednesday,1,1.076239112
44,43.65934348,-79.38564705,10,31,Tuesday,1,1.07596553
98,43.64790527,-79.38572042,5,30,Wednesday,1,1.075959774
57,43.6413459,-79.42316564,4,16,Thursday,1,1.075867691
6,43.64173865,-79.42331575,3,26,Sunday,1,1.07582149
72,43.64514884,-79.39567152,7,29,Wednesday,1,1.075472078
45,43.67988732,-79.34501238,5,30,Friday,1,1.075448325
43,43.65883711,-79.38548494,5,20,Friday,1,1.075386741
9,43.64531566,-79.39680514,8,25,Friday,1,1.075379129
105,43.6677592,-79.40332134,6,19,Tuesday,1,1.075254139
29,43.65954176,-79.38264682,6,9,Tuesday,1,1.075227685
50,43.66088487,-79.43193423,7,10,Friday,2,1.074991566
12,43.66044596,-79.38617508,9,19,Wednesday,2,1.074708881
21,43.65196272,-79.36634205,6,20,Wednesday,1,1.074677628
44,43.65934348,-79.38564705,6,13,Tuesday,1,1.074579133
5,43.65534551,-79.40259487,6,8,Friday,1,1.074423503
5,43.65534551,-79.40259487,5,10,Thursday,1,1.074420286
110,43.6499379,-79.3976489,5,29,Wednesday,1,1.074399685
20,43.65776564,-79.38047983,6,11,Wednesday,1,1.074337775
53,43.65559378,-79.38300729,5,14,Tuesday,1,1.074330044
65,43.63938076,-79.3987871,2,5,Wednesday,1,1.074147761
63,43.64615379,-79.38893149,5,19,Tuesday,1,1.073840883
38,43.64524541,-79.38007005,6,21,Tuesday,1,1.073618423
30,43.65628323,-79.40728478,6,14,Friday,1,1.073570186
100,43.68791116,-79.39357087,6,17,Wednesday,1,1.073561849
83,43.64821428,-79.38423227,3,17,Tuesday,1,1.073476568
99,43.64158085,-79.41575868,6,25,Tuesday,1,1.073377863
70,43.65814872,-79.40051496,6,16,Tuesday,1,1.073313322
22,43.65655891,-79.37933857,7,17,Tuesday,1,1.073064579
25,43.6508344,-79.380877,5,10,Tuesday,1,1.073012643
90,43.63989312,-79.39800553,1,20,Friday,1,1.072979971
91,43.65621245,-79.38329783,3,19,Wednesday,1,1.072881913
82,43.66354097,-79.4173512,5,25,Thursday,1,1.072696345
103,43.6430285,-79.4257847,2,15,Friday,1,1.072664269
67,43.67040044,-79.38723005,4,7,Tuesday,2,1.07248276
29,43.65954176,-79.38264682,5,20,Friday,1,1.072456103
14,43.65471122,-79.46636815,12,20,Thursday,1,1.072427993
55,43.64187242,-79.41124678,3,2,Wednesday,1,1.072345203
30,43.65628323,-79.40728478,11,29,Wednesday,1,1.072324234
12,43.66044596,-79.38617508,6,7,Wednesday,1,1.072324173
57,43.6413459,-79.42316564,7,17,Wednesday,1,1.072240248
58,43.64208654,-79.42344119,7,17,Wednesday,1,1.072108392
85,43.82303311,-79.30744739,12,22,Tuesday,1,1.072022417
81,43.65612125,-79.47410482,10,27,Thursday,1,1.071954276
99,43.64158085,-79.41575868,6,27,Tuesday,2,1.071584651
6,43.64173865,-79.42331575,6,15,Thursday,1,1.071362901
47,43.65484432,-79.42170986,5,11,Friday,1,1.071120737
38,43.64524541,-79.38007005,5,19,Tuesday,1,1.071030308
43,43.65883711,-79.38548494,7,24,Wednesday,1,1.070859475
13,43.64495214,-79.39001341,6,12,Tuesday,1,1.07084902
6,43.64173865,-79.42331575,6,16,Thursday,1,1.070466295
21,43.65196272,-79.36634205,6,23,Tuesday,2,1.070218892
43,43.65883711,-79.38548494,4,21,Friday,1,1.070108807
56,43.6399814,-79.39696817,6,25,Tuesday,1,1.07002768
57,43.6413459,-79.42316564,4,23,Thursday,1,1.069591447
55,43.64187242,-79.41124678,3,16,Friday,2,1.069496212
67,43.67040044,-79.38723005,7,25,Tuesday,1,1.06948783
6,43.64173865,-79.42331575,10,17,Tuesday,1,1.069451262
37,43.66604079,-79.36847237,1,17,Thursday,1,1.069293299
42,43.66380623,-79.41625386,10,22,Tuesday,1,1.069059946
32,43.6564986,-79.35554106,2,24,Friday,1,1.068966331
16,43.6465782,-79.4079438,7,24,Friday,1,1.068700169
0,43.65916252,-79.38109991,6,28,Thursday,1,1.068694646
8,43.66670251,-79.40537838,6,16,Thursday,1,1.068623953
0,43.65916252,-79.38109991,6,9,Tuesday,1,1.068086429
0,43.65916252,-79.38109991,4,19,Thursday,1,1.068001448
28,43.70826991,-79.40006405,8,17,Thursday,1,1.067814541
31,43.66350658,-79.36716264,1,19,Thursday,1,1.067398045
29,43.65954176,-79.38264682,4,8,Tuesday,1,1.067361637
82,43.66354097,-79.4173512,8,28,Wednesday,1,1.067275689
20,43.65776564,-79.38047983,6,17,Tuesday,1,1.06718922
0,43.65916252,-79.38109991,7,15,Tuesday,1,1.067088119
0,43.65916252,-79.38109991,7,17,Wednesday,1,1.067063823
67,43.67040044,-79.38723005,5,20,Wednesday,1,1.066977123
67,43.67040044,-79.38723005,6,25,Wednesday,1,1.066875419
44,43.65934348,-79.38564705,1,10,Friday,1,1.066834727
67,43.67040044,-79.38723005,7,30,Wednesday,1,1.066773716
12,43.66044596,-79.38617508,8,23,Wednesday,1,1.066741129
43,43.65883711,-79.38548494,1,17,Thursday,1,1.066722572
37,43.66604079,-79.36847237,4,28,Friday,1,1.06640329
80,43.66744694,-79.39856245,5,19,Tuesday,2,1.0661291
64,43.65751263,-79.38023767,5,27,Tuesday,1,1.066074684
58,43.64208654,-79.42344119,5,12,Tuesday,1,1.066059851
0,43.65916252,-79.38109991,9,26,Tuesday,1,1.065988105
44,43.65934348,-79.38564705,7,28,Tuesday,1,1.065511367
43,43.65883711,-79.38548494,7,28,Tuesday,1,1.065504133
7,43.64554509,-79.39592672,5,28,Thursday,1,1.065443195
0,43.65916252,-79.38109991,5,20,Friday,1,1.065314846
38,43.64524541,-79.38007005,4,21,Tuesday,1,1.064855768
97,43.70821671,-79.39968014,7,17,Tuesday,1,1.064839443
2,43.6620574,-79.42787082,9,25,Thursday,1,1.064570874
1,43.6620574,-79.42787082,9,25,Thursday,1,1.064297395
67,43.67040044,-79.38723005,5,23,Wednesday,1,1.064287304
69,43.64055813,-79.3941964,3,22,Tuesday,1,1.064049653
26,43.66651343,-79.40578396,9,24,Wednesday,1,1.063549316
29,43.65954176,-79.38264682,7,29,Wednesday,1,1.063445805
28,43.70826991,-79.40006405,9,20,Friday,2,1.063334727
63,43.64615379,-79.38893149,3,21,Tuesday,1,1.063285016
6,43.64173865,-79.42331575,10,24,Tuesday,1,1.063175019
30,43.65628323,-79.40728478,3,11,Friday,1,1.063116023
73,43.66562834,-79.40976221,2,14,Friday,1,1.06310391
74,43.6654609,-79.408386,6,24,Wednesday,1,1.062868823
73,43.66562834,-79.40976221,7,26,Tuesday,1,1.06277886
20,43.65776564,-79.38047983,6,24,Wednesday,1,1.062681893
21,43.65196272,-79.36634205,1,9,Wednesday,1,1.062633659
114,43.65042544,-79.39661903,2,28,Tuesday,1,1.061712026
57,43.6413459,-79.42316564,7,29,Wednesday,1,1.061480973
100,43.68791116,-79.39357087,4,19,Tuesday,1,1.061237064
11,43.66397724,-79.41743325,6,21,Thursday,1,1.061041519
20,43.65776564,-79.38047983,5,21,Wednesday,1,1.060990384
1,43.6620574,-79.42787082,7,19,Thursday,1,1.060914377
34,43.64339526,-79.39996544,5,23,Wednesday,1,1.06060844
0,43.65916252,-79.38109991,4,8,Tuesday,1,1.06022038
100,43.68791116,-79.39357087,5,27,Wednesday,1,1.060214459
34,43.64339526,-79.39996544,1,2,Tuesday,1,1.060142944
13,43.64495214,-79.39001341,6,24,Tuesday,1,1.060089745
11,43.66397724,-79.41743325,10,22,Tuesday,1,1.060026487
43,43.65883711,-79.38548494,1,5,Tuesday,1,1.059838111
8,43.66670251,-79.40537838,6,19,Friday,2,1.059762812
65,43.63938076,-79.3987871,3,24,Tuesday,1,1.059724652
14,43.65471122,-79.46636815,7,3,Friday,1,1.059592339
35,43.64462355,-79.39784942,5,25,Wednesday,1,1.059481875
48,43.6625538,-79.42176295,6,15,Wednesday,1,1.059432047
1,43.6620574,-79.42787082,6,9,Friday,1,1.05932779
7,43.64554509,-79.39592672,7,25,Tuesday,1,1.059251932
57,43.6413459,-79.42316564,3,30,Thursday,1,1.058933876
57,43.6413459,-79.42316564,6,27,Wednesday,1,1.058892858
58,43.64208654,-79.42344119,3,30,Thursday,1,1.05880202
8,43.66670251,-79.40537838,9,24,Wednesday,1,1.058720267
12,43.66044596,-79.38617508,4,11,Tuesday,1,1.058206177
51,43.65938298,-79.44131329,6,10,Wednesday,1,1.057887271
26,43.66651343,-79.40578396,3,19,Thursday,2,1.057619201
62,43.65912904,-79.44281043,7,16,Tuesday,1,1.057608262
14,43.65471122,-79.46636815,6,8,Thursday,2,1.056899303
42,43.66380623,-79.41625386,8,28,Wednesday,1,1.05668657
0,43.65916252,-79.38109991,4,26,Friday,1,1.055553881
6,43.64173865,-79.42331575,4,23,Thursday,1,1.055427396
88,43.66473417,-79.41383882,1,8,Tuesday,1,1.055395634
13,43.64495214,-79.39001341,1,5,Tuesday,1,1.055218626
91,43.65621245,-79.38329783,1,29,Wednesday,1,1.055153195
26,43.66651343,-79.40578396,6,19,Wednesday,1,1.054888365
0,43.65916252,-79.38109991,7,31,Wednesday,1,1.054511336
20,43.65776564,-79.38047983,5,27,Tuesday,1,1.05384183
44,43.65934348,-79.38564705,3,22,Tuesday,1,1.053365694
8,43.66670251,-79.40537838,5,9,Tuesday,1,1.052875133
97,43.70821671,-79.39968014,7,31,Tuesday,1,1.052286955
29,43.65954176,-79.38264682,4,27,Wednesday,1,1.052095035
6,43.64173865,-79.42331575,5,12,Tuesday,1,1.052027656
58,43.64208654,-79.42344119,5,28,Tuesday,2,1.051714151
58,43.64208654,-79.42344119,5,30,Wednesday,1,1.051689856
66,43.66493589,-79.45421932,10,31,Tuesday,1,1.051389628
67,43.67040044,-79.38723005,3,26,Tuesday,1,1.051065914
57,43.6413459,-79.42316564,5,29,Tuesday,1,1.050949401
53,43.65559378,-79.38300729,2,28,Wednesday,1,1.05040249
4,43.65092866,-79.39783777,5,23,Wednesday,1,1.05032269
8,43.66670251,-79.40537838,5,25,Friday,1,1.050001847
13,43.64495214,-79.39001341,5,31,Tuesday,1,1.049432174
12,43.66044596,-79.38617508,1,26,Thursday,1,1.049256836
26,43.66651343,-79.40578396,6,26,Wednesday,1,1.048612121
67,43.67040044,-79.38723005,3,29,Tuesday,1,1.048376095
11,43.66397724,-79.41743325,4,20,Friday,1,1.047004147
47,43.65484432,-79.42170986,4,21,Tuesday,2,1.046300934
2,43.6620574,-79.42787082,4,3,Tuesday,1,1.044745838
1,43.6620574,-79.42787082,4,3,Tuesday,1,1.044472359
14,43.65471122,-79.46636815,5,17,Thursday,1,1.044448519
2,43.6620574,-79.42787082,6,26,Friday,1,1.044358963
18,43.67951024,-79.39104716,5,28,Tuesday,1,1.039472082
14,43.65471122,-79.46636815,4,18,Friday,1,1.032999263
26,43.66651343,-79.40578396,2,28,Wednesday,1,1.029293598
16,43.6465782,-79.4079438,1,26,Tuesday,1,1.029146578
8,43.66670251,-79.40537838,2,28,Wednesday,1,1.024464549
